student_ID,name
1001,Alice
1002,Bob
10501,Alice
10502,Bob
1003,Charlie
1004,Diana
1005,Eve
1006,Frank
1007,Grace
1008,Hank
1009,Ivy
1010,Jack
1011,Karen
1012,Liam
1013,Mona
1014,Nate
1015,Olivia
1016,Paul
1017,Quincy
1018,Rachel
1019,Sam
1020,Tina
1021,Uma
1022,Vince
1023,Will
1024,Xena
1025,Yara
1026,Zach
1027,Student1027
1028,Student1028
1029,Student1029
1030,Student1030
1031,Student1031
1032,Student1032
1033,Student1033
1034,Student1034
1035,Student1035
1036,Student1036
1037,Student1037
1038,Student1038
1039,Student1039
1040,Student1040
1041,Student1041
1042,Student1042
1043,Student1043
1044,Student1044
1045,Student1045
1046,Student1046
1047,Student1047
1048,Student1048
1049,Student1049
1050,Student1050
1051,Student1051
1052,Student1052
1053,Student1053
1054,Student1054
1055,Student1055
1056,Student1056
1057,Student1057
1058,Student1058
1059,Student1059
1060,Student1060
1061,Student1061
1062,Student1062
1063,Student1063
1064,Student1064
1065,Student1065
1066,Student1066
1067,Student1067
1068,Student1068
1069,Student1069
1070,Student1070
1071,Student1071
1072,Student1072
1073,Student1073
1074,Student1074
1075,Student1075
1076,Student1076
1077,Student1077
1078,Student1078
1079,Student1079
1080,Student1080
1089,Student1089
1081,Student1081
1082,Student1082
1083,Student1083
1084,Student1084
1085,Student1085
1086,Student1086
1087,Student1087
1088,Student1088
1090,Student1090
1091,Student1091
1092,Student1092
1093,Student1093
1094,Student1094
1095,Student1095
1096,Student1096
1097,Student1097
1098,Student1098
1099,Student1099
1100,Student1100
1101,Student1101
1102,Student1102
1103,Student1103
1104,Student1104
1105,Student1105
1106,Student1106
1107,Student1107
1108,Student1108
1109,Student1109
1110,Student1110
1111,Student1111
1112,Student1112
1113,Student1113
1114,Student1114
1115,Student1115
1116,Student1116
1117,Student1117
1118,Student1118
1119,Student1119
1120,Student1120
1125,Student1125
1131,Student1131
1124,Student1124
1123,Student1123
1136,Student1136
1140,Student1140
1137,Student1137
1139,Student1139
1132,Student1132
1121,Student1121
1122,Student1122
1126,Student1126
1127,Student1127
1128,Student1128
1129,Student1129
1130,Student1130
1133,Student1133
1134,Student1134
1135,Student1135
1138,Student1138
1141,Student1141
1142,Student1142
1143,Student1143
1144,Student1144
1145,Student1145
1146,Student1146
1147,Student1147
1148,Student1148
1149,Student1149
1150,Student1150
1154,Student1154
1166,Student1166
1156,Student1156
1158,Student1158
1152,Student1152
1159,Student1159
1168,Student1168
1167,Student1167
1169,Student1169
1163,Student1163
1165,Student1165
1151,Student1151
1155,Student1155
1153,Student1153
1162,Student1162
1164,Student1164
1161,Student1161
1170,Student1170
1160,Student1160
1157,Student1157
